{
  "table": "cms_pages",
  "count": 7,
  "data": [
    {
      "id": "1c0cd29a-79cc-4986-92ba-b18411d998d1",
      "title": "Home",
      "slug": "home",
      "content": "<h1>Welcome to Car Audio Events</h1><p>The premier platform for car audio competitions and events.</p>",
      "meta_title": "Car Audio Events - Home",
      "meta_description": "Premier car audio competition platform",
      "meta_keywords": null,
      "status": "published",
      "is_featured": false,
      "author_id": null,
      "published_at": null,
      "navigation_placement": "main",
      "parent_nav_item": null,
      "footer_section": null,
      "nav_order": 1,
      "nav_title": null,
      "show_in_sitemap": true,
      "created_at": "2025-06-11T18:38:22.747982",
      "updated_at": "2025-06-11T18:38:22.747982"
    },
    {
      "id": "6bb19f5c-12a2-435b-bc0e-eb1c970c24c3",
      "title": "About Us",
      "slug": "about",
      "content": "<h1>About Car Audio Events</h1><p>We are the leading platform connecting car audio enthusiasts worldwide.</p>",
      "meta_title": "About Us - Car Audio Events",
      "meta_description": "Learn about our car audio competition platform",
      "meta_keywords": null,
      "status": "published",
      "is_featured": false,
      "author_id": null,
      "published_at": null,
      "navigation_placement": "main",
      "parent_nav_item": null,
      "footer_section": null,
      "nav_order": 2,
      "nav_title": null,
      "show_in_sitemap": true,
      "created_at": "2025-06-11T18:38:22.747982",
      "updated_at": "2025-06-11T18:38:22.747982"
    },
    {
      "id": "7ca1c7ef-51a4-4dcb-a2bf-0a25e1cdff8d",
      "title": "Events",
      "slug": "events",
      "content": "<h1>Upcoming Events</h1><p>Find car audio competitions and events near you.</p>",
      "meta_title": "Events - Car Audio Events",
      "meta_description": "Discover car audio competitions and events",
      "meta_keywords": null,
      "status": "published",
      "is_featured": false,
      "author_id": null,
      "published_at": null,
      "navigation_placement": "main",
      "parent_nav_item": null,
      "footer_section": null,
      "nav_order": 3,
      "nav_title": null,
      "show_in_sitemap": true,
      "created_at": "2025-06-11T18:38:22.747982",
      "updated_at": "2025-06-11T18:38:22.747982"
    },
    {
      "id": "cafb60ae-7a5a-402d-8fd9-6566832fd472",
      "title": "Organizations",
      "slug": "organizations",
      "content": "<h1>Competition Organizations</h1><p>Learn about IASCA, MECA, dB Drag Racing and other organizations.</p>",
      "meta_title": "Organizations - Car Audio Events",
      "meta_description": "Car audio competition organizations",
      "meta_keywords": null,
      "status": "published",
      "is_featured": false,
      "author_id": null,
      "published_at": null,
      "navigation_placement": "main",
      "parent_nav_item": null,
      "footer_section": null,
      "nav_order": 4,
      "nav_title": null,
      "show_in_sitemap": true,
      "created_at": "2025-06-11T18:38:22.747982",
      "updated_at": "2025-06-11T18:38:22.747982"
    },
    {
      "id": "35d27862-dcff-4851-bd1b-2782684146e7",
      "title": "Privacy Policy",
      "slug": "privacy",
      "content": "<h1>Privacy Policy</h1><p>Your privacy is important to us. This policy explains how we collect and use your data.</p>",
      "meta_title": "Privacy Policy - Car Audio Events",
      "meta_description": "Privacy policy and data protection",
      "meta_keywords": null,
      "status": "published",
      "is_featured": false,
      "author_id": null,
      "published_at": null,
      "navigation_placement": "footer",
      "parent_nav_item": null,
      "footer_section": null,
      "nav_order": 1,
      "nav_title": null,
      "show_in_sitemap": true,
      "created_at": "2025-06-11T18:38:22.747982",
      "updated_at": "2025-06-11T18:38:22.747982"
    },
    {
      "id": "444691e1-c1b8-4f4c-b9c7-7677cfeb6aa2",
      "title": "Terms of Service",
      "slug": "terms",
      "content": "<h1>Terms of Service</h1><p>Terms and conditions for using our platform.</p>",
      "meta_title": "Terms of Service - Car Audio Events",
      "meta_description": "Terms and conditions",
      "meta_keywords": null,
      "status": "published",
      "is_featured": false,
      "author_id": null,
      "published_at": null,
      "navigation_placement": "footer",
      "parent_nav_item": null,
      "footer_section": null,
      "nav_order": 2,
      "nav_title": null,
      "show_in_sitemap": true,
      "created_at": "2025-06-11T18:38:22.747982",
      "updated_at": "2025-06-11T18:38:22.747982"
    },
    {
      "id": "2fa0546f-542d-4ac9-973f-40c548761db2",
      "title": "Contact",
      "slug": "contact",
      "content": "<h1>Contact Us</h1><p>Get in touch with our team.</p>",
      "meta_title": "Contact - Car Audio Events",
      "meta_description": "Contact our team",
      "meta_keywords": null,
      "status": "published",
      "is_featured": false,
      "author_id": null,
      "published_at": null,
      "navigation_placement": "footer",
      "parent_nav_item": null,
      "footer_section": null,
      "nav_order": 3,
      "nav_title": null,
      "show_in_sitemap": true,
      "created_at": "2025-06-11T18:38:22.747982",
      "updated_at": "2025-06-11T18:38:22.747982"
    }
  ],
  "backed_up_at": "2025-06-11T20:53:09.945Z"
}