{
  "table": "organizations",
  "count": 8,
  "data": [
    {
      "id": 1,
      "name": "IASCA",
      "logo_url": null,
      "small_logo_url": null,
      "description": "International Auto Sound Challenge Association",
      "website": null,
      "contact_email": null,
      "contact_phone": null,
      "organization_type": "competition",
      "status": "active",
      "competition_classes": [],
      "default_rules_template_id": null,
      "address": null,
      "city": null,
      "state": null,
      "zip_code": null,
      "country": "USA",
      "created_at": "2025-06-11T18:38:22.747982",
      "updated_at": "2025-06-11T18:38:22.747982"
    },
    {
      "id": 2,
      "name": "MECA",
      "logo_url": null,
      "small_logo_url": null,
      "description": "Mobile Electronics Competition Association",
      "website": null,
      "contact_email": null,
      "contact_phone": null,
      "organization_type": "competition",
      "status": "active",
      "competition_classes": [],
      "default_rules_template_id": null,
      "address": null,
      "city": null,
      "state": null,
      "zip_code": null,
      "country": "USA",
      "created_at": "2025-06-11T18:38:22.747982",
      "updated_at": "2025-06-11T18:38:22.747982"
    },
    {
      "id": 3,
      "name": "dB Drag Racing",
      "logo_url": null,
      "small_logo_url": null,
      "description": "dB Drag Racing Association",
      "website": null,
      "contact_email": null,
      "contact_phone": null,
      "organization_type": "competition",
      "status": "active",
      "competition_classes": [],
      "default_rules_template_id": null,
      "address": null,
      "city": null,
      "state": null,
      "zip_code": null,
      "country": "USA",
      "created_at": "2025-06-11T18:38:22.747982",
      "updated_at": "2025-06-11T18:38:22.747982"
    },
    {
      "id": 4,
      "name": "USACi",
      "logo_url": null,
      "small_logo_url": null,
      "description": "United Sound & Audio Competition International",
      "website": null,
      "contact_email": null,
      "contact_phone": null,
      "organization_type": "competition",
      "status": "active",
      "competition_classes": [],
      "default_rules_template_id": null,
      "address": null,
      "city": null,
      "state": null,
      "zip_code": null,
      "country": "USA",
      "created_at": "2025-06-11T18:38:22.747982",
      "updated_at": "2025-06-11T18:38:22.747982"
    },
    {
      "id": 5,
      "name": "BASS",
      "logo_url": null,
      "small_logo_url": null,
      "description": "Bass Audio Sound Society",
      "website": null,
      "contact_email": null,
      "contact_phone": null,
      "organization_type": "competition",
      "status": "active",
      "competition_classes": [],
      "default_rules_template_id": null,
      "address": null,
      "city": null,
      "state": null,
      "zip_code": null,
      "country": "USA",
      "created_at": "2025-06-11T18:38:22.747982",
      "updated_at": "2025-06-11T18:38:22.747982"
    },
    {
      "id": 6,
      "name": "SQC",
      "logo_url": null,
      "small_logo_url": null,
      "description": "Sound Quality Competition",
      "website": null,
      "contact_email": null,
      "contact_phone": null,
      "organization_type": "competition",
      "status": "active",
      "competition_classes": [],
      "default_rules_template_id": null,
      "address": null,
      "city": null,
      "state": null,
      "zip_code": null,
      "country": "USA",
      "created_at": "2025-06-11T18:38:22.747982",
      "updated_at": "2025-06-11T18:38:22.747982"
    },
    {
      "id": 7,
      "name": "Independent",
      "logo_url": null,
      "small_logo_url": null,
      "description": "Independent event organizers",
      "website": null,
      "contact_email": null,
      "contact_phone": null,
      "organization_type": "independent",
      "status": "active",
      "competition_classes": [],
      "default_rules_template_id": null,
      "address": null,
      "city": null,
      "state": null,
      "zip_code": null,
      "country": "USA",
      "created_at": "2025-06-11T18:38:22.747982",
      "updated_at": "2025-06-11T18:38:22.747982"
    },
    {
      "id": 8,
      "name": "Local Club",
      "logo_url": null,
      "small_logo_url": null,
      "description": "Local car audio clubs",
      "website": null,
      "contact_email": null,
      "contact_phone": null,
      "organization_type": "local",
      "status": "active",
      "competition_classes": [],
      "default_rules_template_id": null,
      "address": null,
      "city": null,
      "state": null,
      "zip_code": null,
      "country": "USA",
      "created_at": "2025-06-11T18:38:22.747982",
      "updated_at": "2025-06-11T18:38:22.747982"
    }
  ],
  "backed_up_at": "2025-06-11T20:53:10.090Z"
}