{
  "table": "users",
  "count": 1,
  "data": [
    {
      "id": "29b931f5-c02e-4562-b249-278f86663b62",
      "email": "admin@caraudioevents.com",
      "name": "admin",
      "membership_type": "admin",
      "status": "active",
      "verification_status": "verified",
      "location": null,
      "phone": null,
      "website": null,
      "bio": null,
      "company_name": null,
      "subscription_plan": "basic",
      "profile_image": null,
      "requires_password_change": false,
      "password_changed_at": null,
      "created_at": "2025-06-11T18:06:01.003804+00:00",
      "updated_at": "2025-06-11T20:26:21.586985+00:00",
      "login_count": 0,
      "failed_login_attempts": 0,
      "last_login_at": null
    }
  ],
  "backed_up_at": "2025-06-11T20:53:09.773Z"
}